<?xml version="1.0"?>
<doc>
    <assembly>
        <name>Tempest.Desktop</name>
    </assembly>
    <members>
        <member name="T:Tempest.ConnectionExtensions">
            <summary>
            Holds extension methods for <see cref="T:Tempest.IConnection"/>
            </summary>
        </member>
        <member name="M:Tempest.ConnectionExtensions.Send(System.Collections.Generic.IEnumerable{Tempest.IConnection},Tempest.Message)">
            <summary>
            Sends a message to all of the connections.
            </summary>
            <param name="connections">The connections to send to.</param>
            <param name="msg">The message to send.</param>
            <exception cref="T:System.ArgumentNullException">
            <para><paramref name="connections"/> is <c>null</c>.</para><para>--or--</para>
            <para><paramref name="msg"/> is <c>null</c>.</para>
            </exception>
        </member>
        <member name="M:Tempest.Providers.Network.BufferPool.TryGetBuffer(System.Net.Sockets.SocketAsyncEventArgs@)">
            <summary>
            Tries to retrieve an existing buffer.
            </summary>
            <param name="args">The retrieved or created <see cref="T:System.Net.Sockets.SocketAsyncEventArgs"/>.</param>
            <returns><c>true</c> if the buffer was pre-existing, <c>false</c> if it was newly created.</returns>
        </member>
        <member name="P:Tempest.Providers.Network.NetworkConnection.SendBufferLimit">
            <summary>
            Gets or sets the global limit for number of send buffers (for both <see cref="T:Tempest.Providers.Network.NetworkServerConnection"/> and <see cref="T:Tempest.Providers.Network.NetworkClientConnection" />).
            (Default: <see cref="P:System.Environment.ProcessorCount"/>.)
            </summary>
            <remarks>
            <para>
            Can not be adjusted dynamically. If reduced below previous levels, it will prevent new buffers from being created.
            However, it won't remove buffers past the limit that already existed.
            </para>
            <para>
            You should consider <see cref="P:Tempest.Providers.Network.NetworkConnection.SendBufferLimit"/> * <see cref="P:Tempest.Providers.Network.NetworkConnection.MaxMessageSize"/> for memory usage potential.
            </para>
            </remarks>
            <seealso cref="P:Tempest.Providers.Network.NetworkConnection.MaxMessageSize"/>
        </member>
        <member name="P:Tempest.Providers.Network.NetworkConnection.AutoSizeSendBufferLimit">
            <summary>
            Gets or sets whether the global limit for number of send buffers should grow with additional connections. (Default: <c>true</c>).
            </summary>
        </member>
        <member name="P:Tempest.Providers.Network.NetworkConnection.AutoSizeFactor">
            <summary>
            Gets or sets the number of send buffers added per connection when <see cref="P:Tempest.Providers.Network.NetworkConnection.AutoSizeSendBufferLimit"/> is <c>true</c>.
            </summary>
        </member>
        <member name="P:Tempest.Providers.Network.NetworkConnection.MaxMessageSize">
            <summary>
            Gets or sets the maximum message size.
            </summary>
            <seealso cref="P:Tempest.Providers.Network.NetworkConnection.SendBufferLimit" />
            <remarks>
            <para>
            You should consider <see cref="P:Tempest.Providers.Network.NetworkConnection.MaxMessageSize"/> * <c>maxConnections</c> (<see cref="M:Tempest.Providers.Network.NetworkConnectionProvider.#ctor(Tempest.Protocol,Tempest.Target,System.Int32)"/>) for receive memory usage.
            </para>
            </remarks>
        </member>
        <member name="E:Tempest.Providers.Network.NetworkConnection.MessageReceived">
            <summary>
            Raised when a message is received.
            </summary>
        </member>
        <member name="E:Tempest.Providers.Network.NetworkConnection.Disconnected">
            <summary>
            Raised when the connection is lost or manually disconnected.
            </summary>
        </member>
        <member name="P:Tempest.Providers.Network.NetworkConnection.BytesSent">
            <summary>
            Gets the total number of bytes sent in the lifetime of this connection.
            </summary>
        </member>
        <member name="P:Tempest.Providers.Network.NetworkConnection.BytesReceived">
            <summary>
            Gets the total number of bytes received in the lifetime of this connection.
            </summary>
        </member>
        <member name="M:Tempest.Providers.Network.NetworkConnection.AddProtocol(Tempest.Protocol)">
            <summary>
            Adds an accepted protocol to the connection
            </summary>
            <param name="protocol">The protocol to add.</param>
            <exception cref="T:System.ArgumentNullException"><paramref name="protocol"/> is <c>null</c>.</exception>
            <exception cref="T:System.InvalidOperationException"><see cref="P:Tempest.Providers.Network.NetworkConnection.IsConnected"/> is <c>true</c>.</exception>
        </member>
        <member name="T:Tempest.Providers.Network.NetworkConnectionProvider">
            <summary>
            High performance socket based <see cref="T:Tempest.IConnectionProvider"/>.
            </summary>
            <remarks>
            <para>
            Potential memory usage is dependent on a number of parameters:
            <list type="bullet">
            	<item>
            		<description>Each connection maintains a receive buffer with a size potential of <see cref="P:Tempest.Providers.Network.NetworkConnection.MaxMessageSize"/>.</description>
            	</item>
            	<item>
            		<description><see cref="P:Tempest.Providers.Network.NetworkConnectionProvider.MaxConnections"/> (set from constructor) determines the max number of connections on the individual <see cref="T:Tempest.Providers.Network.NetworkConnectionProvider"/>.</description>
            	</item>
            	<item>
            		<description><see cref="P:Tempest.Providers.Network.NetworkConnection.SendBufferLimit"/> determines how many send buffers (globally) can be created (both clients and servers both), with each having a size potential of <see cref="P:Tempest.Providers.Network.NetworkConnection.MaxMessageSize"/>.</description>
            	</item>
            </list>
            </para>
            </remarks>
        </member>
        <member name="M:Tempest.Providers.Network.NetworkConnectionProvider.#ctor(Tempest.Protocol,Tempest.Target,System.Int32)">
            <summary>
            Initializes a new instance of the <see cref="T:Tempest.Providers.Network.NetworkConnectionProvider"/> class.
            </summary>
            <param name="target">The target to listen to.</param>
            <param name="maxConnections">Maximum number of connections to allow.</param>
            <param name="protocol">The protocol to accept.</param>
            <exception cref="T:System.ArgumentNullException"><paramref name="target"/> is <c>null</c>.</exception>
            <exception cref="T:System.ArgumentOutOfRangeException"><paramref name="maxConnections"/> is &lt;= 0</exception>
        </member>
        <member name="M:Tempest.Providers.Network.NetworkConnectionProvider.#ctor(System.Collections.Generic.IEnumerable{Tempest.Protocol},Tempest.Target,System.Int32,System.Collections.Generic.IEnumerable{System.String})">
            <summary>
            Initializes a new instance of the <see cref="T:Tempest.Providers.Network.NetworkConnectionProvider" /> class.
            </summary>
            <param name="target">The target to listen to.</param>
            <param name="maxConnections">Maximum number of connections to allow.</param>
            <param name="protocols">The protocols to accept.</param>
            <param name="enabledHashAlgs">
            The signature hash algorithms (in order of preference) to enable.
            <c>null</c> or an empty collection will enable all of the signature hash algorithms.
            </param>
            <exception cref="T:System.ArgumentNullException"><paramref name="target"/> or <paramref name="protocols" /> is <c>null</c>.</exception>
            <exception cref="T:System.ArgumentOutOfRangeException"><paramref name="maxConnections"/> is &lt;= 0</exception>
        </member>
        <member name="P:Tempest.Providers.Network.NetworkConnectionProvider.MaxConnections">
            <summary>
            Gets the maximum number of connections allowed on this provider.
            </summary>
        </member>
        <member name="P:Tempest.Providers.Network.NetworkConnectionProvider.Target">
            <summary>
            Gets the end point that this provider listens to for connections.
            </summary>
        </member>
        <member name="P:Tempest.Providers.Network.NetworkConnectionProvider.PublicAuthenticationKey">
            <summary>
            Gets the public authentication key for the server.
            </summary>
        </member>
        <member name="P:Tempest.Providers.Network.NetworkConnectionProvider.PublicEncryptionKey">
            <summary>
            Gets the public encryption key for the server.
            </summary>
        </member>
        <member name="P:Tempest.Providers.Network.NetworkConnectionProvider.PingFrequency">
            <summary>
            Gets or sets the frequency (in milliseconds) that the server pings the client. 0 to disable.
            </summary>
        </member>
        <member name="P:Tempest.BufferValueReader.Buffer">
            <summary>
            Gets the underlying buffer.
            </summary>
        </member>
        <member name="P:Tempest.BufferValueReader.Position">
            <summary>
            Gets or sets the position of the reader in the buffer.
            </summary>
        </member>
        <member name="M:Tempest.BufferValueWriter.Extend(System.Int32)">
            <summary>
            Adjusts the length by <paramref name="bytes"/>
            </summary>
            <param name="bytes">The number of bytes to shift the <see cref="P:Tempest.BufferValueWriter.Length"/> by.</param>
        </member>
        <member name="E:Tempest.Timer.TimesUp">
            <summary>
            Raised when <see cref="P:Tempest.Timer.Interval"/> has been reached by the timer.
            </summary>
            <seealso cref="P:Tempest.Timer.Interval"/>
        </member>
        <member name="P:Tempest.Timer.AutoReset">
            <summary>
            Gets or sets whether the timer should reset and start timing again automatically.
            </summary>
            <remarks>Defaults to <c>true</c>.</remarks>
        </member>
        <member name="P:Tempest.Timer.Interval">
            <summary>
            Gets or sets the time interval in milliseconds.
            </summary>
            <seealso cref="E:Tempest.Timer.TimesUp"/>
        </member>
        <member name="M:Tempest.Timer.Start">
            <summary>
            Starts the timer.
            </summary>
        </member>
        <member name="M:Tempest.Timer.Stop">
            <summary>
            Stops the timer.
            </summary>
        </member>
        <member name="T:Tempest.TypeMap">
            <summary>
            Represents a map of <see cref="T:System.Type"/>s to identifiers for shorter bitstream references.
            </summary>
        </member>
        <member name="M:Tempest.TypeMap.TryGetNewTypes(System.Collections.Generic.IList{System.Collections.Generic.KeyValuePair{System.Type,System.UInt16}}@)">
            <summary>
            Gets the <see cref="T:System.Type"/>s and their IDs that have been added since <see cref="M:Tempest.TypeMap.TryGetNewTypes(System.Collections.Generic.IList{System.Collections.Generic.KeyValuePair{System.Type,System.UInt16}}@)"/> was last called.
            </summary>
        </member>
        <member name="M:Tempest.TypeMap.GetTypeId(System.Type,System.UInt16@)">
            <summary>
            Attempts to get the <paramref name="id"/> of the <paramref name="type"/>, or assigns a new one.
            </summary>
            <param name="type">The type to lookup the <paramref name="id"/> for.</param>
            <param name="id">The id of the <paramref name="type"/>.</param>
            <returns><c>true</c> if the type is new and needs to be transmitted, <c>false</c> otherwise.</returns>
            <exception cref="T:System.ArgumentNullException"><paramref name="type"/> is <c>null</c>.</exception>
        </member>
        <member name="M:Tempest.TypeMap.TryGetType(System.UInt16,System.Type@)">
            <summary>
            Attempts to get the <paramref name="type"/> for <paramref name="id"/>.
            </summary>
            <param name="id">The id to search for.</param>
            <param name="type">The type, if found.</param>
            <returns><c>true</c> if the type was found</returns>
        </member>
        <member name="T:Cadenza.Collections.MutableLookup`2">
            <summary>
            A mutable lookup implementing <see cref="T:System.Linq.ILookup`2"/>
            </summary>
            <typeparam name="TKey">The lookup key.</typeparam>
            <typeparam name="TElement">The elements under each <typeparamref name="TKey"/>.</typeparam>
        </member>
        <member name="M:Cadenza.Collections.MutableLookup`2.Add(`0,`1)">
            <summary>
            Adds <paramref name="element"/> under the specified <paramref name="key"/>. <paramref name="key"/> does not need to exist.
            </summary>
            <param name="key">The key to add <paramref name="element"/> under.</param>
            <param name="element">The element to add.</param>
        </member>
        <member name="M:Cadenza.Collections.MutableLookup`2.Remove(`0,`1)">
            <summary>
            Removes <paramref name="element"/> from the <paramref name="key"/>.
            </summary>
            <param name="key">The key that <paramref name="element"/> is located under.</param>
            <param name="element">The element to remove from <paramref name="key"/>. </param>
            <returns><c>true</c> if <paramref name="key"/> and <paramref name="element"/> existed, <c>false</c> if not.</returns>
        </member>
        <member name="M:Cadenza.Collections.MutableLookup`2.Remove(`0)">
            <summary>
            Removes <paramref name="key"/> from the lookup.
            </summary>
            <param name="key">They to remove.</param>
            <returns><c>true</c> if <paramref name="key"/> existed.</returns>
            <exception cref="T:System.ArgumentNullException"><paramref name="key"/> is <c>null</c>.</exception>
        </member>
        <member name="P:Cadenza.Collections.MutableLookup`2.Count">
            <summary>
            Gets the number of groupings.
            </summary>
        </member>
        <member name="P:Cadenza.Collections.MutableLookup`2.Item(`0)">
            <summary>
            Gets the elements for <paramref name="key"/>.
            </summary>
            <param name="key">The key to get the elements for.</param>
            <returns>The elements under <paramref name="key"/>.</returns>
        </member>
        <member name="M:Cadenza.Collections.MutableLookup`2.Contains(`0)">
            <summary>
            Gets whether or not there's a grouping for <paramref name="key"/>.
            </summary>
            <param name="key">The key to check for.</param>
            <returns><c>true</c> if <paramref name="key"/> is present.</returns>
        </member>
    </members>
</doc>
